{"cameraMode":{"drawMode":0,"name":"Shaded","section":"Shading Mode"},"sceneLighting":false,"audioPlay":false,"sceneViewState":{"showFog":true,"showMaterialUpdate":true,"showSkybox":false,"showFlares":true,"showImageEffects":true,"showParticleSystems":true},"in2DMode":false,"pivot":{"x":-1.7100000381469727,"y":0.5,"z":1.8131537437438965},"rotation":{"x":-0.047625258564949039,"y":0.9427862167358398,"z":-0.29195791482925417,"w":-0.1537904292345047},"size":0.8660253882408142,"orthographic":false}