{"cameraMode":{"drawMode":0,"name":"Shaded","section":"Shading Mode"},"sceneLighting":false,"audioPlay":false,"sceneViewState":{"showFog":true,"showMaterialUpdate":true,"showSkybox":false,"showFlares":true,"showImageEffects":true,"showParticleSystems":true},"in2DMode":false,"pivot":{"x":1.1076905727386475,"y":1.5510461330413819,"z":1.3702561855316163},"rotation":{"x":-0.08742670714855194,"y":0.9122530221939087,"z":-0.26995396614074709,"w":-0.29544103145599368},"size":6.9361701011657719,"orthographic":false}