{"cameraMode":{"drawMode":0,"name":"Shaded","section":"Shading Mode"},"sceneLighting":false,"audioPlay":false,"sceneViewState":{"showFog":true,"showMaterialUpdate":true,"showSkybox":false,"showFlares":true,"showImageEffects":true,"showParticleSystems":true},"in2DMode":false,"pivot":{"x":0.7435286045074463,"y":0.5485839247703552,"z":-1.3155488967895508},"rotation":{"x":-0.047625258564949039,"y":0.9427862167358398,"z":-0.29195791482925417,"w":-0.1537904292345047},"size":2.9660251140594484,"orthographic":false}