{"cameraMode":{"drawMode":0,"name":"Shaded","section":"Shading Mode"},"sceneLighting":true,"audioPlay":false,"sceneViewState":{"showFog":true,"showMaterialUpdate":false,"showSkybox":true,"showFlares":true,"showImageEffects":true,"showParticleSystems":true},"in2DMode":false,"pivot":{"x":23.107736587524415,"y":-23.060354232788087,"z":-39.187522888183597},"rotation":{"x":-0.06994134187698364,"y":-0.9190546870231628,"z":0.19013221561908723,"w":-0.3380822241306305},"size":409.37298583984377,"orthographic":true}